Part Name,Part Number,Quantity,Location,Status,Last Updated
ABR16,949503430000,2,2I,In Stock,2026-10-08 12:43
ABR32,949504230000,2,2K,In Stock,2026-10-08 10:47
ABT32,949519430000,2,1I,In Stock,2026-10-08 14:59
ACB1,949480230000,1,13H,In Stock,2026-10-08 15:00
ADB1,949378430000,1,1K,In Stock,2026-10-08 10:47
ADB1,949378230000,1,1M,In Stock,2026-10-08 12:47
ADB3,949553233000,1,13L,In Stock,2026-10-08 13:10
ADB3,949553230002,1,13J,In Stock,2026-10-08 14:56
ADB3,949553431000,1,11H,In Stock,2026-10-08 15:06
ADB4A,949578432000,4,2C,In Stock,2026-10-08 10:47
ADB4A,949578232000,1,11J,In Stock,2026-10-08 15:22
ATC7A,949586230001,1,2G,In Stock,2026-10-08 12:49
ATC7A,949586230002,2,13M,In Stock,2026-10-08 14:56
BAE4,949586330000,1,11A,In Stock,2026-10-08 10:47
BAE4DIS (SP),949550161002,2,11N,In Stock,2026-10-08 15:23
BAE6,949586333000,1,11B,In Stock,2026-10-08 10:47
BAE6A,949586334000,1,11C,In Stock,2026-10-08 15:02
BAE8,949608330002,1,11E,In Stock,2026-10-08 10:47
BAE8,949608330000,6,11F,In Stock,2026-10-08 15:20
BLCDISS(SP),949550163002,1,11M,In Stock,2026-10-08 15:15
BOARD TCO12,137194600284,2,13E,In Stock,2026-10-08 13:05
BRVCT,978500702001,1,1N,In Stock,2026-10-08 12:48
CIO1C,949604333000,4,1F,In Stock,2026-10-08 15:39
CIO2,949614330000,3,1H,In Stock,2026-10-08 14:45
CIO3,949615330000,4,1J,In Stock,2026-10-08 14:45
DEA2,949577230001,2,2E,In Stock,2026-10-08 10:47
EBO32,949501430000,14,2L,In Stock,2026-10-08 10:47
FEB2,949569431000,1,2N,In Stock,2026-10-08 10:48
FEB2,949569430000,1,11L,In Stock,2026-10-08 16:00
FU3A,949570330100,12,4B,In Stock,2026-10-09 12:10
FU3B,949570331100,3,4D,In Stock,2026-10-09 12:11
FU3B,949570331100,4,4E,In Stock,2026-10-09 12:12
FU3C,949570332100,3,4G,In Stock,2026-10-09 12:15
FU3C,949570332100,4,4H,In Stock,2026-10-09 12:15
FU4a,949580330200,4,4I,In Stock,2026-10-09 12:16
FU4a,949670303501,6,4E,In Stock,2026-10-08 10:47
FU4A,949580330200,4,4J,In Stock,2026-10-09 12:17
FU4A,949580330200,4,4K,In Stock,2026-10-09 12:18
FU5A,949470107502,1,4L,In Stock,2026-10-09 12:19
FU5A,949581330000,2,4M,In Stock,2026-10-09 12:19
FU5B,949581331000,2,4N,In Stock,2026-10-09 12:19
FU5C,949581332000,2,4O,In Stock,2026-10-09 12:20
FU5C,949581332000,1,4P,In Stock,2026-10-09 12:20
FU5D,949581333000,1,4Q,In Stock,2026-10-09 12:21
FU6A,949609330000,3,4C,In Stock,2026-10-09 12:10
FU6B,949609331000,2,4F,In Stock,2026-10-09 12:13
FU6T,949609331200,7,4A,In Stock,2026-10-09 12:09
FZK2,949573330300,1,13F,In Stock,2026-10-08 14:55
GMB1B,949516230002,1,11I,In Stock,2026-10-08 15:09
INK3,949574230003,2,13G,In Stock,2026-10-08 15:08
KIM1B,949579236001,2,1B,In Stock,2026-10-08 10:47
KIM2D,949579233101,4,2B,In Stock,2026-10-08 10:47
KIM3,949579230301,1,2A,In Stock,2026-10-08 10:47
KSZ5,940053810520,1,13N,In Stock,2026-10-08 13:15
KSZ6,949593331000,2,2H,In Stock,2026-10-08 10:47
KSZ6,949593231001,2,2F,In Stock,2026-10-08 10:47
KSZ6,949593330000,3,3M,In Stock,2026-10-08 14:53
KSZ6,949593330102,1,3B,In Stock,2026-10-08 14:54
KSZ7,949618330000,1,2D,In Stock,2026-10-08 10:47
LCDISP,949586360002,2,1A,In Stock,2026-10-08 13:02
LCDISP,949550360005,1,13A,In Stock,2026-10-08 13:04
LCDISP,949550360003,1,11D,In Stock,2026-10-08 15:36
NOM3,949561330000,2,1G,In Stock,2026-10-08 12:52
RBT7,949497230101,1,1E,In Stock,2026-10-08 10:47
RIK6D,949535234001,1,13D,In Stock,2026-10-08 13:00
RIK6F,949535236001,1,13C,In Stock,2026-10-08 13:00
ROTARY ENCODER,949470000027,3,12C,In Stock,2026-10-08 10:47
ROTARY ENCODER,949470000022,3,12D,In Stock,2026-10-08 10:47
ROTARY ENCODER,137182404567,3,12A,In Stock,2026-10-08 10:47
ROTARY ENCODER,136082404565,3,12B,In Stock,2026-10-08 11:03
ROTARY ENCODER,037252730001,6,12F,In Stock,2026-10-08 11:04
SBB10B,949385232000,0,13B,OUT OF STOCK,2026-10-08 16:17
SBB15A,9493388231000,1,11K,In Stock,2026-10-08 15:50
SBB15B,949386232000,1,13K,In Stock,2026-10-08 13:11
SIB2A,949485431000,1,13I,In Stock,2026-10-08 13:12
SM20A,949543335000,2,3K,In Stock,2026-10-08 10:47
SNB2A,949490431000,1,2M,In Stock,2026-10-08 10:47
SU1A,949544330010,7,4L,In Stock,2026-10-08 10:47
SU1A,949544330000,3,4I,In Stock,2026-10-08 14:48
SU1B,949544331000,4,4K,In Stock,2026-10-08 16:18
SU1B,949544331100,2,3L,In Stock,2026-10-08 10:47
SU2B,949544333000,1,3J,In Stock,2026-10-08 10:47
SU2C,949546334100,2,3F,In Stock,2026-10-08 14:41
SUE1A,949545330100,1,4N,In Stock,2026-10-08 10:47
SUE1A,949545330000,2,3N,In Stock,2026-10-08 14:37
SUE1B,949545331100,1,4M,In Stock,2026-10-08 10:47
SUE1C,949545332000,2,3A,In Stock,2026-10-08 15:34
TMB1,949562230000,3,1L,In Stock,2026-10-08 13:07
VNB1,949466430000,2,1C,In Stock,2026-10-08 15:57
VNB2,949559230000,3,1D,In Stock,2026-10-08 16:01
WIB1,949413430000,1,11G,In Stock,2026-10-08 15:07
ZPB4,940158800010,3,3C,In Stock,2026-10-08 15:12
ZPB5,949588430000,3,2J,In Stock,2026-10-08 10:47
